{"cameraMode":{"drawMode":0,"name":"Shaded","section":"Shading Mode"},"sceneLighting":true,"audioPlay":false,"sceneViewState":{"m_AlwaysRefresh":false,"showFog":true,"showSkybox":true,"showFlares":true,"showImageEffects":true,"showParticleSystems":true,"showVisualEffectGraphs":true,"m_FxEnabled":true},"in2DMode":false,"pivot":{"x":1.1204681396484376,"y":-1.4711804389953614,"z":2.6176562309265138},"rotation":{"x":0.18222782015800477,"y":-0.5624162554740906,"z":0.12872308492660523,"w":0.7961873412132263},"size":7.523564338684082,"orthographic":false}